Data and time, Laser status, Laser current power (W), Laser current, Laser set power (W), LBO status, LBO current temp (C), LBO current, LBO set temp (C), VANADATE status, VANADATE current temp (C), VANADATE current, VANADATE set temp (C), ETALON status, ETALON current temp (C), ETALON current, ETALON set temp (C), DIODE1 status, DIODE1 current temp (C), DIODE1 temp current, DIODE1 set temp (C), DIODE1 current (A), DIODE2 status, DIODE2 current temp (C), DIODE2 temp current, DIODE2 set temp (C), DIODE2 current (A), Baseplate Temp (C), Heatsink Temp 1 (C), Heatsink Temp 2 (C)
2018-05-24T17:07:16.318556, SEEKING, 0.191, 37.91, 13.0000, LOCKED, 147.05, 5687.67, 147.08, LOCKED, 30.05, -3407.97, 30.00, LOCKED, 53.01, 514.79, 53.00, SEEKING, 22.76, -1239.19, 22.98, 32.24, LOCKED, 22.20, -1425.17, 22.18, 32.24, 39.29, 30.39, 34.99
2018-05-24T17:08:25.134235, SEEKING, 0.174, 37.94, 13.0000, LOCKED, 147.03, 5752.60, 147.08, LOCKED, 30.06, -3399.52, 30.00, LOCKED, 53.01, 514.76, 53.00, SEEKING, 23.44, -1163.65, 22.98, 32.24, LOCKED, 22.14, -1429.20, 22.18, 32.24, 39.23, 30.18, 35.42
2018-05-24T17:09:33.950996, SEEKING, 0.223, 37.93, 13.0000, LOCKED, 147.07, 5736.87, 147.08, LOCKED, 30.01, -3398.54, 30.00, LOCKED, 53.01, 513.55, 53.00, LOCKED, 22.80, -1240.03, 22.98, 32.24, LOCKED, 22.09, -1399.67, 22.18, 32.24, 39.26, 30.43, 35.31
2018-05-24T17:10:42.763564, SEEKING, 0.191, 37.93, 13.0000, LOCKED, 147.12, 5685.77, 147.08, LOCKED, 30.01, -3410.15, 30.00, LOCKED, 53.04, 513.29, 53.00, LOCKED, 23.09, -1274.72, 22.98, 32.24, LOCKED, 21.79, -1515.72, 22.18, 32.24, 39.26, 30.95, 35.41
2018-05-24T17:11:51.585206, SEEKING, 0.280, 37.87, 13.0000, LOCKED, 147.14, 5694.71, 147.08, LOCKED, 30.07, -3407.50, 30.00, LOCKED, 53.01, 512.40, 53.00, LOCKED, 23.05, -1226.66, 22.98, 32.24, LOCKED, 22.50, -1401.66, 22.18, 32.24, 39.28, 30.60, 35.59
2018-05-24T17:13:00.401638, SEEKING, 0.183, 37.85, 13.0000, LOCKED, 147.16, 5719.49, 147.08, LOCKED, 30.02, -3408.04, 30.00, LOCKED, 53.00, 513.58, 53.00, LOCKED, 22.83, -1261.56, 22.98, 32.24, LOCKED, 21.85, -1322.78, 22.18, 32.24, 39.28, 30.62, 35.30
2018-05-24T17:14:10.086150, SEEKING, 0.174, 37.91, 13.0000, LOCKED, 147.08, 5726.73, 147.08, LOCKED, 30.06, -3422.67, 30.00, LOCKED, 53.02, 512.85, 53.00, LOCKED, 22.73, -1240.98, 22.98, 32.24, SEEKING, 21.59, -1484.34, 22.18, 32.24, 39.31, 30.71, 35.34
2018-05-24T17:15:18.883139, SEEKING, 0.174, 37.93, 13.0000, LOCKED, 147.04, 5727.91, 147.08, LOCKED, 30.05, -3406.06, 30.00, LOCKED, 53.00, 513.38, 53.00, LOCKED, 22.68, -1241.04, 22.98, 32.24, LOCKED, 22.19, -1497.30, 22.18, 32.24, 39.28, 30.77, 34.92
2018-05-24T17:16:27.684197, SEEKING, 0.183, 37.84, 13.0000, LOCKED, 147.00, 5727.93, 147.08, LOCKED, 30.05, -3418.27, 30.00, LOCKED, 53.01, 513.30, 53.00, LOCKED, 23.01, -1232.28, 22.98, 32.24, SEEKING, 21.89, -1460.11, 22.18, 32.24, 39.31, 30.85, 35.07
2018-05-24T17:17:36.498971, SEEKING, 0.174, 37.84, 13.0000, LOCKED, 147.06, 5733.21, 147.08, LOCKED, 30.04, -3404.22, 30.00, LOCKED, 53.00, 513.69, 53.00, LOCKED, 22.87, -1225.91, 22.98, 32.24, LOCKED, 22.22, -1437.29, 22.18, 32.24, 39.27, 30.78, 35.21
2018-05-24T17:18:45.279798, SEEKING, 0.174, 37.86, 13.0000, LOCKED, 147.08, 5719.30, 147.08, LOCKED, 30.06, -3421.26, 30.00, LOCKED, 53.02, 513.45, 53.00, LOCKED, 22.85, -1233.29, 22.98, 32.24, LOCKED, 22.37, -1527.25, 22.18, 32.24, 39.32, 30.76, 35.37
2018-05-24T17:19:54.084651, SEEKING, 0.174, 37.93, 13.0000, LOCKED, 147.06, 5725.38, 147.08, LOCKED, 30.04, -3402.99, 30.00, LOCKED, 53.03, 512.23, 53.00, LOCKED, 23.09, -1246.25, 22.98, 32.24, LOCKED, 21.87, -1397.11, 22.18, 32.24, 39.25, 30.85, 35.26
2018-05-24T17:21:02.885876, SEEKING, 0.183, 37.86, 13.0000, LOCKED, 147.09, 5735.47, 147.08, LOCKED, 30.01, -3409.46, 30.00, LOCKED, 53.01, 513.02, 53.00, LOCKED, 23.38, -1206.60, 22.98, 32.24, LOCKED, 22.13, -1514.01, 22.18, 32.24, 39.26, 31.20, 35.22
2018-05-24T17:22:12.137531, SEEKING, 0.174, 37.87, 13.0000, LOCKED, 147.07, 5748.37, 147.08, LOCKED, 30.06, -3405.31, 30.00, LOCKED, 53.00, 513.09, 53.00, LOCKED, 23.20, -1239.34, 22.98, 32.24, LOCKED, 22.57, -1433.82, 22.18, 32.24, 39.28, 30.67, 35.07
2018-05-24T17:23:20.921698, SEEKING, 0.191, 37.95, 13.0000, LOCKED, 147.07, 5756.39, 147.08, LOCKED, 30.06, -3412.25, 30.00, LOCKED, 53.01, 510.81, 53.00, LOCKED, 23.01, -1230.23, 22.98, 32.24, LOCKED, 22.52, -1522.55, 22.18, 32.24, 39.30, 30.86, 35.83
2018-05-24T17:24:29.711887, SEEKING, 0.174, 37.91, 13.0000, LOCKED, 147.13, 5735.26, 147.08, LOCKED, 30.06, -3396.44, 30.00, LOCKED, 52.99, 510.07, 53.00, SEEKING, 22.84, -1189.50, 22.98, 32.24, LOCKED, 22.30, -1365.30, 22.18, 32.24, 39.23, 30.80, 35.32
2018-05-24T17:25:38.509990, SEEKING, 0.215, 37.85, 13.0000, LOCKED, 147.06, 5733.46, 147.08, LOCKED, 30.05, -3421.28, 30.00, LOCKED, 53.01, 512.74, 53.00, LOCKED, 22.62, -1224.38, 22.98, 32.24, LOCKED, 22.12, -1418.33, 22.18, 32.24, 39.34, 30.80, 34.77
2018-05-24T17:26:47.286520, SEEKING, 0.174, 37.78, 13.0000, LOCKED, 147.14, 5669.60, 147.08, LOCKED, 30.05, -3405.22, 30.00, LOCKED, 53.02, 510.76, 53.00, LOCKED, 22.92, -1178.41, 22.98, 32.24, LOCKED, 22.17, -1458.82, 22.18, 32.24, 39.27, 30.59, 35.64
2018-05-24T17:27:56.103434, SEEKING, 0.191, 37.91, 13.0000, LOCKED, 147.09, 5741.63, 147.08, LOCKED, 30.05, -3419.04, 30.00, LOCKED, 53.06, 510.07, 53.00, SEEKING, 23.29, -1298.03, 22.98, 32.24, LOCKED, 22.04, -1489.64, 22.18, 32.24, 39.32, 31.10, 35.62
2018-05-24T17:29:05.838902, SEEKING, 0.215, 37.99, 13.0000, LOCKED, 147.11, 5756.35, 147.08, LOCKED, 30.05, -3419.91, 30.00, LOCKED, 53.01, 508.88, 53.00, LOCKED, 23.01, -1212.26, 22.98, 32.24, LOCKED, 22.21, -1476.98, 22.18, 32.24, 39.32, 31.02, 35.47
2018-05-24T17:30:14.645541, SEEKING, 0.215, 37.86, 13.0000, LOCKED, 147.17, 5726.70, 147.08, LOCKED, 30.05, -3416.98, 30.00, LOCKED, 52.99, 512.53, 53.00, LOCKED, 22.94, -1264.83, 22.98, 32.24, LOCKED, 22.13, -1506.80, 22.18, 32.24, 39.31, 30.71, 35.00
2018-05-24T17:31:23.410443, SEEKING, 0.199, 37.84, 13.0000, LOCKED, 147.07, 5731.85, 147.08, LOCKED, 30.05, -3422.68, 30.00, LOCKED, 52.99, 510.25, 53.00, LOCKED, 23.09, -1195.85, 22.98, 32.24, LOCKED, 21.84, -1476.45, 22.18, 32.24, 39.33, 30.67, 35.74
2018-05-24T17:32:32.214803, SEEKING, 0.232, 37.92, 13.0000, LOCKED, 147.10, 5754.06, 147.08, LOCKED, 30.07, -3427.27, 30.00, LOCKED, 52.99, 508.45, 53.00, LOCKED, 23.10, -1261.81, 22.98, 32.24, LOCKED, 21.94, -1485.84, 22.18, 32.24, 39.36, 30.70, 35.71
2018-05-24T17:33:41.032749, SEEKING, 0.174, 37.86, 13.0000, LOCKED, 147.07, 5725.45, 147.08, LOCKED, 30.07, -3422.14, 30.00, LOCKED, 53.02, 509.69, 53.00, SEEKING, 22.74, -1245.08, 22.98, 32.24, LOCKED, 22.44, -1489.41, 22.18, 32.24, 39.35, 30.74, 35.59
2018-05-24T17:34:49.851378, SEEKING, 0.240, 37.91, 13.0000, LOCKED, 147.07, 5699.12, 147.08, LOCKED, 30.07, -3412.52, 30.00, LOCKED, 53.02, 508.50, 53.00, LOCKED, 22.91, -1245.31, 22.98, 32.24, LOCKED, 22.26, -1474.92, 22.18, 32.24, 39.30, 31.06, 35.27
2018-05-24T17:35:58.671370, SEEKING, 0.232, 37.88, 13.0000, LOCKED, 147.11, 5694.79, 147.08, LOCKED, 30.04, -3399.28, 30.00, LOCKED, 53.02, 508.27, 53.00, LOCKED, 22.96, -1262.25, 22.98, 32.24, LOCKED, 22.15, -1334.76, 22.18, 32.24, 39.27, 31.08, 35.42
2018-05-24T17:37:08.400193, SEEKING, 0.174, 37.88, 13.0000, LOCKED, 147.04, 5674.51, 147.08, LOCKED, 30.02, -3412.17, 30.00, LOCKED, 53.01, 509.59, 53.00, LOCKED, 23.08, -1293.04, 22.98, 32.24, LOCKED, 21.89, -1440.79, 22.18, 32.24, 39.29, 31.22, 35.77
2018-05-24T17:38:17.219386, SEEKING, 0.280, 37.85, 13.0000, LOCKED, 147.02, 5710.04, 147.08, LOCKED, 30.06, -3431.01, 30.00, LOCKED, 53.00, 510.02, 53.00, LOCKED, 22.83, -1237.59, 22.98, 32.24, LOCKED, 22.39, -1543.89, 22.18, 32.24, 39.36, 31.11, 35.70
2018-05-24T17:39:26.014442, SEEKING, 0.183, 37.79, 13.0000, LOCKED, 147.04, 5718.30, 147.08, LOCKED, 30.02, -3401.94, 30.00, LOCKED, 53.01, 507.11, 53.00, LOCKED, 22.84, -1237.62, 22.98, 32.24, LOCKED, 22.20, -1459.30, 22.18, 32.24, 39.28, 30.59, 35.42
2018-05-24T17:40:34.828941, SEEKING, 0.174, 37.85, 13.0000, LOCKED, 147.07, 5722.69, 147.08, LOCKED, 30.02, -3415.88, 30.00, LOCKED, 53.00, 508.44, 53.00, LOCKED, 23.45, -1247.18, 22.98, 32.24, LOCKED, 22.11, -1473.27, 22.18, 32.24, 39.31, 31.01, 35.53
2018-05-24T17:41:43.636483, SEEKING, 0.207, 37.88, 13.0000, LOCKED, 147.17, 5643.23, 147.08, LOCKED, 30.06, -3423.53, 30.00, LOCKED, 53.04, 509.41, 53.00, LOCKED, 23.22, -1218.06, 22.98, 32.24, LOCKED, 21.87, -1460.85, 22.18, 32.24, 39.33, 31.10, 35.38
2018-05-24T17:42:52.423686, SEEKING, 0.174, 37.84, 13.0000, LOCKED, 147.12, 5687.52, 147.08, LOCKED, 30.06, -3422.85, 30.00, LOCKED, 53.03, 507.42, 53.00, LOCKED, 22.81, -1214.84, 22.98, 32.24, SEEKING, 22.69, -1501.55, 22.18, 32.24, 39.33, 30.95, 35.58
2018-05-24T17:44:01.248777, SEEKING, 0.223, 37.85, 13.0000, LOCKED, 147.07, 5658.21, 147.08, LOCKED, 30.09, -3430.26, 30.00, LOCKED, 53.00, 508.29, 53.00, LOCKED, 22.85, -1152.50, 22.98, 32.24, LOCKED, 22.12, -1473.72, 22.18, 32.24, 39.37, 31.01, 35.70
2018-05-24T17:45:10.974050, SEEKING, 0.280, 37.92, 13.0000, LOCKED, 147.04, 5756.71, 147.08, LOCKED, 30.07, -3421.32, 30.00, LOCKED, 53.05, 507.21, 53.00, LOCKED, 22.94, -1229.66, 22.98, 32.24, LOCKED, 22.48, -1453.16, 22.18, 32.24, 39.34, 30.76, 35.58
2018-05-24T17:46:19.783262, SEEKING, 0.191, 37.88, 13.0000, LOCKED, 147.07, 5669.49, 147.08, LOCKED, 29.99, -3407.96, 30.00, LOCKED, 53.02, 507.76, 53.00, LOCKED, 23.00, -1257.60, 22.98, 32.24, LOCKED, 22.18, -1439.47, 22.18, 32.24, 39.28, 30.82, 35.52
2018-05-24T17:47:28.609090, SEEKING, 0.191, 37.92, 13.0000, LOCKED, 147.08, 5706.53, 147.08, LOCKED, 30.06, -3440.24, 30.00, LOCKED, 53.01, 508.96, 53.00, LOCKED, 22.90, -1270.34, 22.98, 32.24, LOCKED, 22.04, -1492.92, 22.18, 32.24, 39.41, 31.11, 35.65
2018-05-24T17:48:37.413119, SEEKING, 0.207, 37.87, 13.0000, LOCKED, 147.06, 5717.26, 147.08, LOCKED, 30.04, -3416.14, 30.00, LOCKED, 53.01, 507.22, 53.00, LOCKED, 22.82, -1226.95, 22.98, 32.24, SEEKING, 22.02, -1469.08, 22.18, 32.24, 39.34, 31.37, 35.64
2018-05-24T17:49:46.222762, SEEKING, 0.289, 37.95, 13.0000, LOCKED, 147.11, 5721.52, 147.08, LOCKED, 30.06, -3410.59, 30.00, LOCKED, 53.01, 508.54, 53.00, LOCKED, 23.14, -1282.00, 22.98, 32.24, LOCKED, 22.18, -1420.47, 22.18, 32.24, 39.32, 30.59, 35.24
2018-05-24T17:50:55.024516, SEEKING, 0.207, 37.88, 13.0000, LOCKED, 147.11, 5691.88, 147.08, LOCKED, 30.03, -3414.42, 30.00, LOCKED, 53.01, 509.62, 53.00, LOCKED, 23.03, -1260.87, 22.98, 32.24, LOCKED, 22.48, -1454.52, 22.18, 32.24, 39.31, 31.30, 35.93
2018-05-24T17:52:04.752580, SEEKING, 0.215, 37.96, 13.0000, LOCKED, 147.09, 5709.98, 147.08, LOCKED, 30.03, -3420.44, 30.00, LOCKED, 53.01, 507.19, 53.00, LOCKED, 23.24, -1216.62, 22.98, 32.24, LOCKED, 22.59, -1460.59, 22.18, 32.24, 39.32, 30.97, 35.73
2018-05-24T17:53:13.531598, SEEKING, 0.174, 37.83, 13.0000, LOCKED, 147.07, 5722.48, 147.08, LOCKED, 30.09, -3441.88, 30.00, LOCKED, 53.03, 506.99, 53.00, LOCKED, 22.97, -1225.81, 22.98, 32.24, LOCKED, 22.30, -1480.33, 22.18, 32.24, 39.42, 31.22, 35.81
2018-05-24T17:54:22.353806, SEEKING, 0.280, 37.92, 13.0000, LOCKED, 147.04, 5751.17, 147.08, LOCKED, 30.06, -3428.17, 30.00, LOCKED, 52.99, 508.45, 53.00, LOCKED, 23.34, -1305.80, 22.98, 32.24, LOCKED, 22.12, -1510.51, 22.18, 32.24, 39.35, 31.09, 35.50
2018-05-24T17:55:31.174225, SEEKING, 0.207, 37.93, 13.0000, LOCKED, 147.04, 5748.85, 147.08, LOCKED, 30.05, -3413.30, 30.00, LOCKED, 53.01, 507.31, 53.00, LOCKED, 22.94, -1280.93, 22.98, 32.24, LOCKED, 22.25, -1526.64, 22.18, 32.24, 39.30, 31.21, 35.75
2018-05-24T17:56:39.992493, SEEKING, 0.223, 37.82, 13.0000, LOCKED, 147.18, 5730.78, 147.08, LOCKED, 30.03, -3402.95, 30.00, LOCKED, 52.99, 506.99, 53.00, LOCKED, 23.10, -1288.22, 22.98, 32.24, LOCKED, 22.32, -1351.59, 22.18, 32.24, 39.28, 30.59, 35.96
2018-05-24T17:57:48.812309, SEEKING, 0.191, 37.88, 13.0000, LOCKED, 147.08, 5743.36, 147.08, LOCKED, 30.00, -3403.12, 30.00, LOCKED, 52.99, 504.34, 53.00, LOCKED, 22.92, -1385.41, 22.98, 32.24, LOCKED, 22.38, -1417.01, 22.18, 32.24, 39.27, 31.08, 35.34
2018-05-24T17:58:57.630535, SEEKING, 0.174, 37.84, 13.0000, LOCKED, 147.13, 5728.29, 147.08, LOCKED, 30.01, -3422.51, 30.00, LOCKED, 53.00, 508.02, 53.00, LOCKED, 22.76, -1220.77, 22.98, 32.24, LOCKED, 22.33, -1437.26, 22.18, 32.24, 39.35, 31.18, 35.69
2018-05-24T18:00:07.315218, SEEKING, 0.174, 37.89, 13.0000, LOCKED, 147.08, 5717.95, 147.08, LOCKED, 30.02, -3415.35, 30.00, LOCKED, 52.99, 506.77, 53.00, LOCKED, 23.47, -1330.22, 22.98, 32.24, LOCKED, 22.39, -1427.46, 22.18, 32.24, 39.33, 30.98, 35.34
2018-05-24T18:01:16.133340, SEEKING, 0.199, 37.83, 13.0000, LOCKED, 147.09, 5710.12, 147.08, LOCKED, 29.97, -3398.52, 30.00, LOCKED, 53.01, 506.94, 53.00, LOCKED, 22.61, -1249.35, 22.98, 32.24, LOCKED, 22.17, -1402.39, 22.18, 32.24, 39.26, 30.97, 35.85
2018-05-24T18:02:24.951805, SEEKING, 0.174, 37.91, 13.0000, LOCKED, 147.06, 5732.17, 147.08, LOCKED, 30.07, -3407.45, 30.00, LOCKED, 53.02, 506.54, 53.00, LOCKED, 23.32, -1301.05, 22.98, 32.24, LOCKED, 22.12, -1483.99, 22.18, 32.24, 39.32, 30.83, 35.65
2018-05-24T18:03:33.769651, SEEKING, 0.191, 37.93, 13.0000, LOCKED, 147.03, 5755.03, 147.08, LOCKED, 30.01, -3397.88, 30.00, LOCKED, 52.99, 505.56, 53.00, LOCKED, 22.67, -1244.56, 22.98, 32.24, LOCKED, 21.95, -1441.79, 22.18, 32.24, 39.24, 31.05, 35.51
2018-05-24T18:04:42.587952, SEEKING, 0.199, 37.88, 13.0000, LOCKED, 147.07, 5723.43, 147.08, LOCKED, 30.03, -3408.83, 30.00, LOCKED, 53.01, 504.52, 53.00, LOCKED, 22.71, -1300.13, 22.98, 32.24, SEEKING, 22.28, -1478.88, 22.18, 32.24, 39.27, 31.35, 35.90
2018-05-24T18:05:51.407330, SEEKING, 0.223, 37.85, 13.0000, LOCKED, 147.08, 5706.81, 147.08, LOCKED, 30.02, -3407.16, 30.00, LOCKED, 53.01, 508.21, 53.00, LOCKED, 23.14, -1275.98, 22.98, 32.24, LOCKED, 22.12, -1459.34, 22.18, 32.24, 39.29, 31.37, 35.56
2018-05-24T18:07:00.228243, SEEKING, 0.174, 38.02, 13.0000, LOCKED, 147.13, 5715.46, 147.08, LOCKED, 30.08, -3426.75, 30.00, LOCKED, 53.01, 504.81, 53.00, LOCKED, 22.77, -1208.18, 22.98, 32.24, LOCKED, 22.16, -1405.90, 22.18, 32.24, 39.35, 31.55, 35.42
2018-05-24T18:08:09.952230, SEEKING, 0.183, 37.93, 13.0000, LOCKED, 147.07, 5666.17, 147.08, LOCKED, 30.05, -3415.03, 30.00, LOCKED, 53.01, 505.60, 53.00, LOCKED, 23.33, -1227.24, 22.98, 32.24, SEEKING, 22.09, -1499.24, 22.18, 32.24, 39.32, 31.18, 35.48
2018-05-24T18:09:18.773352, SEEKING, 0.191, 37.93, 13.0000, LOCKED, 147.06, 5722.06, 147.08, LOCKED, 30.07, -3408.00, 30.00, LOCKED, 53.01, 505.91, 53.00, LOCKED, 23.28, -1237.99, 22.98, 32.24, LOCKED, 22.41, -1471.77, 22.18, 32.24, 39.29, 30.76, 35.54
2018-05-24T18:10:27.583902, SEEKING, 0.280, 37.91, 13.0000, LOCKED, 147.05, 5737.96, 147.08, LOCKED, 30.06, -3428.91, 30.00, LOCKED, 53.04, 504.21, 53.00, LOCKED, 23.24, -1277.74, 22.98, 32.24, LOCKED, 22.14, -1501.66, 22.18, 32.24, 39.36, 31.10, 35.78
2018-05-24T18:11:36.403228, SEEKING, 0.191, 37.82, 13.0000, LOCKED, 147.02, 5765.74, 147.08, LOCKED, 30.07, -3424.46, 30.00, LOCKED, 53.00, 505.48, 53.00, LOCKED, 23.23, -1282.69, 22.98, 32.24, LOCKED, 22.24, -1523.51, 22.18, 32.24, 39.36, 31.01, 35.39
2018-05-24T18:12:45.222089, SEEKING, 0.280, 37.85, 13.0000, LOCKED, 147.09, 5691.29, 147.08, LOCKED, 30.06, -3406.41, 30.00, LOCKED, 53.02, 507.76, 53.00, LOCKED, 22.94, -1278.88, 22.98, 32.24, SEEKING, 21.65, -1365.40, 22.18, 32.24, 39.32, 31.48, 35.75
2018-05-24T18:13:54.041397, SEEKING, 0.215, 37.96, 13.0000, LOCKED, 147.05, 5743.53, 147.08, LOCKED, 30.04, -3419.35, 30.00, LOCKED, 53.03, 504.07, 53.00, SEEKING, 22.70, -1241.07, 22.98, 32.24, LOCKED, 22.42, -1447.40, 22.18, 32.24, 39.34, 31.20, 35.43
2018-05-24T18:15:02.861406, SEEKING, 0.199, 37.94, 13.0000, LOCKED, 147.06, 5683.44, 147.08, LOCKED, 30.05, -3410.30, 30.00, LOCKED, 53.01, 504.85, 53.00, LOCKED, 23.03, -1271.80, 22.98, 32.24, LOCKED, 21.86, -1486.51, 22.18, 32.24, 39.32, 30.82, 35.76
2018-05-24T18:16:12.146100, SEEKING, 0.174, 37.92, 13.0000, LOCKED, 147.03, 5699.19, 147.08, LOCKED, 30.04, -3420.57, 30.00, LOCKED, 53.04, 506.96, 53.00, LOCKED, 23.13, -1274.44, 22.98, 32.24, LOCKED, 21.93, -1486.83, 22.18, 32.24, 39.37, 31.20, 35.75
2018-05-24T18:17:20.966087, SEEKING, 0.174, 37.87, 13.0000, LOCKED, 147.08, 5717.55, 147.08, LOCKED, 30.06, -3421.22, 30.00, LOCKED, 53.00, 504.75, 53.00, LOCKED, 22.70, -1320.28, 22.98, 32.24, LOCKED, 22.07, -1574.68, 22.18, 32.24, 39.36, 30.72, 35.50
2018-05-24T18:18:29.784052, SEEKING, 0.174, 37.93, 13.0000, LOCKED, 147.11, 5690.59, 147.08, LOCKED, 30.05, -3408.93, 30.00, LOCKED, 53.03, 504.77, 53.00, LOCKED, 23.24, -1317.97, 22.98, 32.24, LOCKED, 21.93, -1419.22, 22.18, 32.24, 39.31, 31.11, 35.75
2018-05-24T18:19:38.602396, SEEKING, 0.183, 37.88, 13.0000, LOCKED, 147.08, 5714.20, 147.08, LOCKED, 30.03, -3406.69, 30.00, LOCKED, 53.02, 504.08, 53.00, LOCKED, 22.86, -1331.54, 22.98, 32.24, SEEKING, 22.26, -1561.93, 22.18, 32.24, 39.31, 31.31, 35.53
2018-05-24T18:20:47.415428, SEEKING, 0.215, 37.92, 13.0000, LOCKED, 147.07, 5722.75, 147.08, LOCKED, 30.07, -3428.82, 30.00, LOCKED, 52.99, 505.91, 53.00, LOCKED, 22.66, -1316.50, 22.98, 32.24, LOCKED, 22.06, -1530.94, 22.18, 32.24, 39.39, 31.02, 35.64
2018-05-24T18:21:56.233174, SEEKING, 0.191, 37.87, 13.0000, LOCKED, 147.11, 5657.59, 147.08, LOCKED, 30.05, -3432.32, 30.00, LOCKED, 53.01, 505.53, 53.00, LOCKED, 22.85, -1259.62, 22.98, 32.24, LOCKED, 22.32, -1526.33, 22.18, 32.24, 39.40, 31.13, 35.69
2018-05-24T18:23:05.954676, SEEKING, 0.199, 37.96, 13.0000, LOCKED, 147.05, 5691.83, 147.08, LOCKED, 30.03, -3426.84, 30.00, LOCKED, 53.02, 504.62, 53.00, SEEKING, 23.01, -1244.43, 22.98, 32.24, LOCKED, 22.24, -1543.14, 22.18, 32.24, 39.38, 30.80, 35.77
2018-05-24T18:24:14.773045, SEEKING, 0.174, 37.97, 13.0000, LOCKED, 147.07, 5756.24, 147.08, LOCKED, 30.07, -3416.94, 30.00, LOCKED, 53.00, 502.84, 53.00, LOCKED, 22.91, -1264.61, 22.98, 32.24, LOCKED, 22.18, -1499.49, 22.18, 32.24, 39.32, 30.97, 35.77
2018-05-24T18:25:23.591624, SEEKING, 0.174, 37.85, 13.0000, LOCKED, 147.09, 5706.57, 147.08, LOCKED, 30.05, -3431.11, 30.00, LOCKED, 53.02, 504.25, 53.00, LOCKED, 23.11, -1183.60, 22.98, 32.24, LOCKED, 22.02, -1544.27, 22.18, 32.24, 39.38, 31.19, 35.61
2018-05-24T18:26:32.410859, SEEKING, 0.174, 37.91, 13.0000, LOCKED, 147.05, 5735.72, 147.08, LOCKED, 30.04, -3413.85, 30.00, LOCKED, 53.00, 504.78, 53.00, LOCKED, 23.07, -1257.38, 22.98, 32.24, LOCKED, 21.78, -1451.92, 22.18, 32.24, 39.33, 31.22, 35.91
2018-05-24T18:27:41.229687, SEEKING, 0.174, 37.84, 13.0000, LOCKED, 147.10, 5701.05, 147.08, LOCKED, 30.03, -3422.52, 30.00, LOCKED, 53.00, 504.39, 53.00, LOCKED, 22.88, -1272.19, 22.98, 32.24, LOCKED, 22.04, -1422.15, 22.18, 32.24, 39.33, 31.37, 35.80
2018-05-24T18:28:50.049434, SEEKING, 0.207, 37.88, 13.0000, LOCKED, 147.12, 5725.73, 147.08, LOCKED, 30.02, -3418.04, 30.00, LOCKED, 53.01, 503.87, 53.00, LOCKED, 22.71, -1238.09, 22.98, 32.24, LOCKED, 22.08, -1471.16, 22.18, 32.24, 39.36, 30.63, 35.76
2018-05-24T18:29:58.868617, SEEKING, 0.174, 5.06, 13.0000, LOCKED, 146.97, 5809.39, 147.08, SEEKING, 24.40, -293.95, 30.00, LOCKED, 52.97, 526.87, 53.00, LOCKED, 22.40, -1168.25, 22.98, 0.00, LOCKED, 21.76, -1425.87, 22.18, 0.00, 31.50, 31.00, 35.63
2018-05-24T18:31:08.588768, SEEKING, 0.174, 5.03, 13.0000, LOCKED, 147.05, 5840.44, 147.08, LOCKED, 29.98, 642.12, 30.00, LOCKED, 52.99, 534.58, 53.00, LOCKED, 22.95, -929.58, 22.98, 0.00, LOCKED, 22.08, -1071.92, 22.18, 0.00, 25.62, 29.40, 34.05
2018-05-24T18:32:17.408335, SEEKING, 0.174, 5.06, 13.0000, LOCKED, 147.05, 5866.33, 147.08, LOCKED, 30.01, 811.16, 30.00, LOCKED, 53.00, 547.67, 53.00, LOCKED, 23.02, -834.12, 22.98, 0.00, LOCKED, 22.25, -961.92, 22.18, 0.00, 24.25, 28.84, 33.09
2018-05-24T18:33:26.205628, SEEKING, 0.174, 5.06, 13.0000, LOCKED, 147.05, 5889.88, 147.08, LOCKED, 30.01, 853.29, 30.00, LOCKED, 53.01, 565.92, 53.00, LOCKED, 22.91, -805.65, 22.98, 0.00, LOCKED, 22.14, -930.63, 22.18, 0.00, 23.50, 28.43, 32.65
2018-05-24T18:34:35.013138, SEEKING, 0.174, 5.02, 13.0000, LOCKED, 147.04, 5913.36, 147.08, LOCKED, 30.02, 878.15, 30.00, LOCKED, 53.00, 587.48, 53.00, LOCKED, 22.96, -792.40, 22.98, 0.00, LOCKED, 22.26, -920.02, 22.18, 0.00, 22.95, 28.08, 31.67
2018-05-24T18:35:43.833821, SEEKING, 0.174, 5.02, 13.0000, LOCKED, 147.03, 5897.24, 147.08, LOCKED, 30.03, 895.91, 30.00, LOCKED, 52.99, 607.52, 53.00, LOCKED, 22.97, -780.01, 22.98, 0.00, LOCKED, 21.97, -880.17, 22.18, 0.00, 22.55, 27.82, 31.50
2018-05-24T18:36:52.652600, SEEKING, 0.174, 4.94, 13.0000, LOCKED, 147.04, 5926.65, 147.08, LOCKED, 30.04, 911.97, 30.00, LOCKED, 52.99, 630.14, 53.00, LOCKED, 22.79, -754.83, 22.98, 0.00, LOCKED, 22.16, -870.88, 22.18, 0.00, 22.26, 27.68, 31.13
2018-05-24T18:38:01.416413, SEEKING, 0.174, 5.02, 13.0000, LOCKED, 147.05, 5950.27, 147.08, LOCKED, 30.03, 919.88, 30.00, LOCKED, 52.98, 651.90, 53.00, LOCKED, 22.97, -749.50, 22.98, 0.00, LOCKED, 22.22, -848.71, 22.18, 0.00, 22.04, 27.46, 30.79
2018-05-24T18:39:11.134137, SEEKING, 0.174, 4.93, 13.0000, LOCKED, 147.03, 5960.82, 147.08, LOCKED, 30.06, 923.70, 30.00, LOCKED, 52.97, 673.26, 53.00, LOCKED, 22.98, -730.73, 22.98, 0.00, LOCKED, 22.14, -828.16, 22.18, 0.00, 21.81, 27.41, 30.59
2018-05-24T18:40:19.952863, SEEKING, 0.174, 4.94, 13.0000, LOCKED, 147.09, 5871.08, 147.08, LOCKED, 30.05, 930.95, 30.00, LOCKED, 53.00, 696.88, 53.00, LOCKED, 23.01, -724.19, 22.98, 0.00, LOCKED, 22.21, -815.32, 22.18, 0.00, 21.63, 27.18, 30.32
2018-05-24T18:41:28.745985, SEEKING, 0.174, 4.98, 13.0000, LOCKED, 147.03, 5954.26, 147.08, LOCKED, 30.03, 936.48, 30.00, LOCKED, 52.99, 718.93, 53.00, LOCKED, 22.99, -728.17, 22.98, 0.00, LOCKED, 22.17, -808.74, 22.18, 0.00, 21.48, 27.17, 30.07
2018-05-24T18:42:37.566439, SEEKING, 0.174, 4.96, 13.0000, LOCKED, 147.11, 6004.82, 147.08, LOCKED, 30.05, 942.70, 30.00, LOCKED, 52.98, 738.89, 53.00, LOCKED, 22.85, -713.73, 22.98, 0.00, LOCKED, 22.17, -801.15, 22.18, 0.00, 21.30, 26.98, 29.78
2018-05-24T18:43:46.330762, SEEKING, 0.223, 4.94, 13.0000, LOCKED, 147.00, 6001.71, 147.08, LOCKED, 30.04, 950.34, 30.00, LOCKED, 53.03, 761.68, 53.00, LOCKED, 23.01, -714.18, 22.98, 0.00, LOCKED, 22.29, -797.73, 22.18, 0.00, 21.15, 26.91, 29.62
2018-05-24T18:44:55.124301, SEEKING, 0.174, 4.99, 13.0000, LOCKED, 147.04, 6019.09, 147.08, LOCKED, 30.03, 956.97, 30.00, LOCKED, 53.00, 781.45, 53.00, LOCKED, 23.00, -708.32, 22.98, 0.00, LOCKED, 22.22, -782.66, 22.18, 0.00, 21.04, 26.89, 29.50
2018-05-24T18:46:04.844285, SEEKING, 0.174, 4.97, 13.0000, LOCKED, 147.04, 6027.29, 147.08, LOCKED, 30.04, 963.95, 30.00, LOCKED, 52.97, 804.74, 53.00, LOCKED, 22.95, -709.02, 22.98, 0.00, LOCKED, 22.28, -772.72, 22.18, 0.00, 20.91, 26.84, 29.37
2018-05-24T18:47:13.626160, SEEKING, 0.174, 4.96, 13.0000, LOCKED, 147.07, 6004.61, 147.08, LOCKED, 30.05, 972.69, 30.00, LOCKED, 53.02, 822.00, 53.00, LOCKED, 22.97, -702.85, 22.98, 0.00, LOCKED, 22.21, -762.50, 22.18, 0.00, 20.83, 26.94, 29.34
2018-05-24T18:48:22.415361, SEEKING, 0.174, 4.96, 13.0000, LOCKED, 147.04, 5950.64, 147.08, LOCKED, 30.05, 974.46, 30.00, LOCKED, 52.99, 843.14, 53.00, LOCKED, 22.82, -703.99, 22.98, 0.00, LOCKED, 22.18, -763.96, 22.18, 0.00, 20.73, 26.85, 29.29
2018-05-24T18:49:31.229671, SEEKING, 0.174, 4.99, 13.0000, LOCKED, 147.04, 5990.46, 147.08, LOCKED, 30.05, 977.06, 30.00, LOCKED, 52.98, 862.83, 53.00, LOCKED, 22.98, -708.39, 22.98, 0.00, LOCKED, 22.20, -756.44, 22.18, 0.00, 20.67, 26.73, 29.08
2018-05-24T18:50:40.047633, SEEKING, 0.174, 4.97, 13.0000, LOCKED, 147.07, 6037.75, 147.08, LOCKED, 30.04, 977.70, 30.00, LOCKED, 53.01, 881.09, 53.00, LOCKED, 22.80, -688.37, 22.98, 0.00, LOCKED, 22.22, -748.87, 22.18, 0.00, 20.58, 26.66, 28.85
2018-05-24T18:51:48.868953, SEEKING, 0.174, 4.94, 13.0000, LOCKED, 147.06, 5998.16, 147.08, LOCKED, 30.03, 979.62, 30.00, LOCKED, 53.04, 901.88, 53.00, LOCKED, 23.02, -690.75, 22.98, 0.00, LOCKED, 22.29, -741.34, 22.18, 0.00, 20.52, 26.60, 28.79
2018-05-24T18:52:57.636649, SEEKING, 0.174, 4.92, 13.0000, LOCKED, 147.06, 6032.83, 147.08, LOCKED, 30.04, 979.66, 30.00, LOCKED, 53.01, 918.08, 53.00, LOCKED, 22.97, -681.67, 22.98, 0.00, LOCKED, 22.25, -740.52, 22.18, 0.00, 20.44, 26.71, 28.74
2018-05-24T18:54:07.317771, SEEKING, 0.174, 4.92, 13.0000, LOCKED, 147.06, 6006.70, 147.08, LOCKED, 30.05, 980.16, 30.00, LOCKED, 53.00, 936.37, 53.00, LOCKED, 22.91, -687.31, 22.98, 0.00, LOCKED, 22.28, -730.55, 22.18, 0.00, 20.41, 26.54, 28.55
2018-05-24T18:55:16.137388, SEEKING, 0.174, 4.92, 13.0000, LOCKED, 147.05, 6067.54, 147.08, LOCKED, 30.06, 983.40, 30.00, LOCKED, 52.99, 952.74, 53.00, LOCKED, 22.96, -676.13, 22.98, 0.00, LOCKED, 22.20, -725.31, 22.18, 0.00, 20.36, 26.49, 28.55
2018-05-24T18:56:24.957694, SEEKING, 0.174, 4.94, 13.0000, LOCKED, 147.05, 6057.01, 147.08, LOCKED, 30.04, 984.33, 30.00, LOCKED, 52.99, 969.00, 53.00, LOCKED, 22.94, -687.50, 22.98, 0.00, LOCKED, 22.12, -716.75, 22.18, 0.00, 20.33, 26.43, 28.45
2018-05-24T18:57:33.776866, SEEKING, 0.174, 4.89, 13.0000, LOCKED, 147.07, 6078.37, 147.08, LOCKED, 30.06, 986.14, 30.00, LOCKED, 53.02, 986.67, 53.00, LOCKED, 22.97, -686.71, 22.98, 0.00, LOCKED, 22.20, -717.30, 22.18, 0.00, 20.27, 26.41, 28.39
2018-05-24T18:58:42.595936, SEEKING, 0.174, 4.93, 13.0000, LOCKED, 147.04, 6001.12, 147.08, LOCKED, 30.06, 986.64, 30.00, LOCKED, 53.02, 1000.13, 53.00, LOCKED, 22.97, -676.77, 22.98, 0.00, LOCKED, 22.18, -721.32, 22.18, 0.00, 20.27, 26.47, 28.51
2018-05-24T18:59:51.395605, SEEKING, 0.174, 4.88, 13.0000, LOCKED, 147.04, 5970.36, 147.08, LOCKED, 30.04, 988.27, 30.00, LOCKED, 53.03, 1012.15, 53.00, LOCKED, 22.96, -684.43, 22.98, 0.00, LOCKED, 22.25, -718.82, 22.18, 0.00, 20.22, 26.39, 28.20
2018-05-24T19:01:00.214338, SEEKING, 0.174, 4.94, 13.0000, LOCKED, 147.15, 6015.85, 147.08, LOCKED, 30.03, 988.30, 30.00, LOCKED, 53.00, 1028.68, 53.00, LOCKED, 23.01, -672.15, 22.98, 0.00, LOCKED, 22.22, -708.51, 22.18, 0.00, 20.20, 26.24, 28.27
2018-05-24T19:02:09.875611, SEEKING, 0.174, 4.89, 13.0000, LOCKED, 147.08, 6073.02, 147.08, LOCKED, 30.04, 988.58, 30.00, LOCKED, 53.02, 1041.00, 53.00, LOCKED, 22.93, -683.79, 22.98, 0.00, LOCKED, 22.04, -709.23, 22.18, 0.00, 20.14, 26.36, 28.18
2018-05-24T19:03:18.691809, SEEKING, 0.174, 4.90, 13.0000, LOCKED, 147.04, 6113.24, 147.08, LOCKED, 30.03, 990.17, 30.00, LOCKED, 52.98, 1056.72, 53.00, LOCKED, 23.00, -670.13, 22.98, 0.00, LOCKED, 22.23, -720.40, 22.18, 0.00, 20.13, 26.37, 28.09
2018-05-24T19:04:27.509467, SEEKING, 0.174, 4.88, 13.0000, LOCKED, 147.01, 6118.85, 147.08, LOCKED, 30.08, 988.74, 30.00, LOCKED, 53.02, 1070.37, 53.00, LOCKED, 23.09, -677.65, 22.98, 0.00, LOCKED, 22.25, -703.94, 22.18, 0.00, 20.11, 26.36, 28.12
2018-05-24T19:05:36.328607, SEEKING, 0.174, 4.90, 13.0000, LOCKED, 147.11, 6106.12, 147.08, LOCKED, 30.04, 990.57, 30.00, LOCKED, 53.04, 1080.82, 53.00, LOCKED, 22.99, -673.93, 22.98, 0.00, LOCKED, 22.18, -695.39, 22.18, 0.00, 20.10, 26.29, 28.08
2018-05-24T19:06:45.143850, SEEKING, 0.174, 4.89, 13.0000, LOCKED, 147.08, 6100.48, 147.08, LOCKED, 30.06, 991.34, 30.00, LOCKED, 52.99, 1092.83, 53.00, LOCKED, 22.99, -661.55, 22.98, 0.00, LOCKED, 22.16, -699.44, 22.18, 0.00, 20.08, 26.28, 28.03
2018-05-24T19:07:53.964150, SEEKING, 0.174, 4.93, 13.0000, LOCKED, 147.06, 6122.35, 147.08, LOCKED, 30.04, 991.28, 30.00, LOCKED, 52.99, 1101.97, 53.00, LOCKED, 22.96, -672.67, 22.98, 0.00, LOCKED, 22.21, -709.10, 22.18, 0.00, 20.09, 26.15, 28.02
2018-05-24T19:09:02.785156, SEEKING, 0.174, 4.96, 13.0000, LOCKED, 147.06, 6095.57, 147.08, LOCKED, 30.06, 989.14, 30.00, LOCKED, 53.04, 1113.65, 53.00, LOCKED, 22.96, -675.79, 22.98, 0.00, LOCKED, 22.18, -695.57, 22.18, 0.00, 20.06, 26.25, 27.98
2018-05-24T19:10:12.118136, SEEKING, 0.174, 4.91, 13.0000, LOCKED, 147.09, 6120.61, 147.08, LOCKED, 30.05, 993.01, 30.00, LOCKED, 53.02, 1125.11, 53.00, LOCKED, 22.98, -669.11, 22.98, 0.00, LOCKED, 22.17, -684.78, 22.18, 0.00, 20.06, 26.36, 27.98
2018-05-24T19:11:20.937232, SEEKING, 0.174, 4.91, 13.0000, LOCKED, 147.10, 6148.40, 147.08, LOCKED, 30.06, 991.39, 30.00, LOCKED, 53.01, 1135.25, 53.00, LOCKED, 22.97, -656.39, 22.98, 0.00, LOCKED, 22.15, -697.48, 22.18, 0.00, 20.01, 26.26, 27.99
2018-05-24T19:12:29.752660, SEEKING, 0.174, 4.90, 13.0000, LOCKED, 147.15, 6127.66, 147.08, LOCKED, 30.05, 992.38, 30.00, LOCKED, 53.00, 1144.88, 53.00, LOCKED, 22.96, -668.74, 22.98, 0.00, LOCKED, 22.17, -682.21, 22.18, 0.00, 20.00, 26.32, 27.92
2018-05-24T19:13:38.572332, SEEKING, 0.174, 4.89, 13.0000, LOCKED, 147.12, 6147.72, 147.08, LOCKED, 30.06, 991.74, 30.00, LOCKED, 52.99, 1153.97, 53.00, LOCKED, 23.10, -669.16, 22.98, 0.00, LOCKED, 22.15, -684.00, 22.18, 0.00, 20.01, 26.19, 27.90
2018-05-24T19:14:47.391430, SEEKING, 0.174, 4.94, 13.0000, LOCKED, 147.04, 6093.95, 147.08, LOCKED, 30.03, 992.03, 30.00, LOCKED, 52.99, 1164.76, 53.00, LOCKED, 22.92, -671.62, 22.98, 0.00, LOCKED, 22.02, -685.86, 22.18, 0.00, 19.99, 26.26, 27.92
2018-05-24T19:15:56.212835, SEEKING, 0.174, 4.90, 13.0000, LOCKED, 147.14, 6161.87, 147.08, LOCKED, 30.05, 992.87, 30.00, LOCKED, 53.01, 1172.60, 53.00, LOCKED, 23.05, -660.78, 22.98, 0.00, LOCKED, 22.19, -691.39, 22.18, 0.00, 19.97, 26.21, 27.87
2018-05-24T19:17:05.930456, SEEKING, 0.174, 4.93, 13.0000, LOCKED, 147.12, 6150.18, 147.08, LOCKED, 30.05, 993.37, 30.00, LOCKED, 53.02, 1181.43, 53.00, LOCKED, 22.85, -659.68, 22.98, 0.00, LOCKED, 22.18, -689.17, 22.18, 0.00, 19.97, 26.17, 27.88
2018-05-24T19:18:14.743968, SEEKING, 0.174, 4.92, 13.0000, LOCKED, 147.04, 6167.11, 147.08, LOCKED, 30.05, 992.99, 30.00, LOCKED, 52.98, 1190.51, 53.00, LOCKED, 22.93, -663.76, 22.98, 0.00, LOCKED, 22.33, -691.67, 22.18, 0.00, 19.94, 26.16, 27.85
2018-05-24T19:19:23.528378, SEEKING, 0.174, 4.92, 13.0000, LOCKED, 147.13, 6121.46, 147.08, LOCKED, 30.06, 991.94, 30.00, LOCKED, 53.03, 1196.09, 53.00, LOCKED, 22.98, -655.96, 22.98, 0.00, LOCKED, 22.30, -683.91, 22.18, 0.00, 19.97, 26.11, 27.79
2018-05-24T19:20:32.347840, SEEKING, 0.174, 4.91, 13.0000, LOCKED, 147.11, 6143.72, 147.08, LOCKED, 30.05, 992.63, 30.00, LOCKED, 53.00, 1205.08, 53.00, LOCKED, 23.01, -652.42, 22.98, 0.00, LOCKED, 22.18, -684.86, 22.18, 0.00, 19.94, 25.92, 27.81
2018-05-24T19:21:41.164558, SEEKING, 0.174, 4.89, 13.0000, LOCKED, 147.09, 6150.63, 147.08, LOCKED, 30.06, 992.61, 30.00, LOCKED, 53.02, 1211.74, 53.00, LOCKED, 22.99, -660.59, 22.98, 0.00, LOCKED, 22.13, -689.65, 22.18, 0.00, 19.90, 26.16, 27.75
2018-05-24T19:22:49.983020, SEEKING, 0.199, 4.92, 13.0000, LOCKED, 147.08, 6172.44, 147.08, LOCKED, 30.02, 993.85, 30.00, LOCKED, 53.01, 1219.35, 53.00, LOCKED, 22.99, -654.25, 22.98, 0.00, LOCKED, 22.20, -674.75, 22.18, 0.00, 19.90, 26.19, 27.52
2018-05-24T19:23:58.802500, SEEKING, 0.174, 4.87, 13.0000, LOCKED, 147.06, 6116.72, 147.08, LOCKED, 30.02, 994.17, 30.00, LOCKED, 53.00, 1226.62, 53.00, LOCKED, 23.00, -664.19, 22.98, 0.00, LOCKED, 22.19, -676.90, 22.18, 0.00, 19.91, 26.22, 27.73
2018-05-24T19:25:08.524466, SEEKING, 0.174, 4.91, 13.0000, LOCKED, 147.14, 6164.21, 147.08, LOCKED, 30.07, 993.27, 30.00, LOCKED, 53.00, 1230.66, 53.00, LOCKED, 23.02, -659.17, 22.98, 0.00, LOCKED, 22.22, -679.09, 22.18, 0.00, 19.88, 26.08, 27.93
2018-05-24T19:26:17.346213, SEEKING, 0.174, 4.92, 13.0000, LOCKED, 147.07, 6155.12, 147.08, LOCKED, 30.03, 994.26, 30.00, LOCKED, 53.00, 1239.85, 53.00, LOCKED, 22.89, -661.14, 22.98, 0.00, LOCKED, 22.11, -683.18, 22.18, 0.00, 19.91, 26.07, 27.62
2018-05-24T19:27:26.167927, SEEKING, 0.174, 4.91, 13.0000, LOCKED, 147.14, 6103.03, 147.08, LOCKED, 30.03, 993.75, 30.00, LOCKED, 53.01, 1246.29, 53.00, LOCKED, 22.94, -665.41, 22.98, 0.00, LOCKED, 22.27, -676.18, 22.18, 0.00, 19.91, 26.09, 27.75
2018-05-24T19:28:34.987154, SEEKING, 0.174, 4.92, 13.0000, LOCKED, 147.06, 6170.82, 147.08, LOCKED, 30.04, 994.17, 30.00, LOCKED, 52.99, 1250.87, 53.00, LOCKED, 23.06, -651.41, 22.98, 0.00, LOCKED, 22.20, -671.53, 22.18, 0.00, 19.87, 26.09, 27.75
2018-05-24T19:29:43.803954, SEEKING, 0.174, 4.92, 13.0000, LOCKED, 147.07, 6162.84, 147.08, LOCKED, 30.04, 994.06, 30.00, LOCKED, 53.01, 1255.94, 53.00, LOCKED, 22.98, -657.36, 22.98, 0.00, LOCKED, 22.24, -680.02, 22.18, 0.00, 19.87, 26.08, 27.54
2018-05-24T19:30:52.617829, SEEKING, 0.174, 4.88, 13.0000, LOCKED, 147.11, 6129.44, 147.08, LOCKED, 30.04, 992.09, 30.00, LOCKED, 53.01, 1263.48, 53.00, LOCKED, 22.95, -668.54, 22.98, 0.00, LOCKED, 22.10, -681.06, 22.18, 0.00, 19.87, 26.09, 27.76
2018-05-24T19:32:01.416804, SEEKING, 0.174, 4.90, 13.0000, LOCKED, 147.05, 6181.74, 147.08, LOCKED, 30.04, 994.24, 30.00, LOCKED, 53.04, 1266.76, 53.00, LOCKED, 23.05, -663.93, 22.98, 0.00, LOCKED, 22.19, -671.09, 22.18, 0.00, 19.85, 26.15, 27.72
2018-05-24T19:33:11.138863, SEEKING, 0.174, 4.91, 13.0000, LOCKED, 147.09, 6160.09, 147.08, LOCKED, 30.05, 994.40, 30.00, LOCKED, 53.01, 1272.33, 53.00, LOCKED, 22.99, -661.19, 22.98, 0.00, LOCKED, 22.08, -678.64, 22.18, 0.00, 19.85, 26.00, 27.50
2018-05-24T19:34:19.957578, SEEKING, 0.174, 4.90, 13.0000, LOCKED, 147.07, 6163.88, 147.08, LOCKED, 30.03, 995.84, 30.00, LOCKED, 52.99, 1279.85, 53.00, LOCKED, 22.97, -654.42, 22.98, 0.00, LOCKED, 22.19, -687.93, 22.18, 0.00, 19.85, 26.14, 27.65
2018-05-24T19:35:28.776317, SEEKING, 0.174, 4.92, 13.0000, LOCKED, 147.06, 6198.24, 147.08, LOCKED, 30.05, 994.83, 30.00, LOCKED, 53.01, 1281.74, 53.00, LOCKED, 23.05, -663.99, 22.98, 0.00, LOCKED, 22.21, -679.74, 22.18, 0.00, 19.84, 26.03, 27.72
2018-05-24T19:36:37.594046, SEEKING, 0.174, 4.98, 13.0000, LOCKED, 147.03, 6120.20, 147.08, LOCKED, 30.04, 995.10, 30.00, LOCKED, 52.99, 1287.23, 53.00, LOCKED, 22.97, -654.29, 22.98, 0.00, LOCKED, 22.18, -673.74, 22.18, 0.00, 19.81, 26.01, 27.69
2018-05-24T19:37:46.413849, SEEKING, 0.174, 4.86, 13.0000, LOCKED, 147.06, 6209.14, 147.08, LOCKED, 30.09, 998.09, 30.00, LOCKED, 53.01, 1290.38, 53.00, LOCKED, 23.00, -651.46, 22.98, 0.00, LOCKED, 22.10, -679.27, 22.18, 0.00, 19.83, 26.23, 27.61
2018-05-24T19:38:55.229065, SEEKING, 0.174, 4.89, 13.0000, LOCKED, 147.15, 5951.98, 147.08, LOCKED, 30.04, 993.07, 30.00, LOCKED, 53.03, 1293.10, 53.00, LOCKED, 22.99, -651.14, 22.98, 0.00, LOCKED, 22.18, -674.81, 22.18, 0.00, 19.85, 26.01, 27.65
2018-05-24T19:40:04.947840, SEEKING, 0.174, 4.86, 13.0000, LOCKED, 147.07, 6190.76, 147.08, LOCKED, 30.07, 994.92, 30.00, LOCKED, 53.01, 1298.24, 53.00, LOCKED, 22.95, -657.31, 22.98, 0.00, LOCKED, 22.25, -682.52, 22.18, 0.00, 19.80, 25.92, 27.50
2018-05-24T19:41:13.757828, SEEKING, 0.174, 4.89, 13.0000, LOCKED, 147.11, 6150.92, 147.08, LOCKED, 30.03, 994.64, 30.00, LOCKED, 53.01, 1302.74, 53.00, LOCKED, 22.93, -658.75, 22.98, 0.00, LOCKED, 22.22, -681.40, 22.18, 0.00, 19.81, 26.03, 27.58
2018-05-24T19:42:22.571502, SEEKING, 0.174, 4.90, 13.0000, LOCKED, 147.06, 6191.45, 147.08, LOCKED, 30.05, 995.38, 30.00, LOCKED, 53.00, 1306.18, 53.00, LOCKED, 22.96, -648.96, 22.98, 0.00, LOCKED, 22.18, -673.58, 22.18, 0.00, 19.81, 25.93, 27.57
2018-05-24T19:43:31.386484, SEEKING, 0.174, 4.90, 13.0000, LOCKED, 147.05, 6200.12, 147.08, LOCKED, 30.06, 993.62, 30.00, LOCKED, 53.00, 1309.43, 53.00, LOCKED, 23.01, -651.76, 22.98, 0.00, LOCKED, 22.19, -678.80, 22.18, 0.00, 19.82, 26.04, 27.58
2018-05-24T19:44:40.147089, SEEKING, 0.174, 4.90, 13.0000, LOCKED, 147.03, 6217.71, 147.08, LOCKED, 30.06, 995.17, 30.00, LOCKED, 52.99, 1311.47, 53.00, LOCKED, 22.88, -660.19, 22.98, 0.00, LOCKED, 22.24, -678.66, 22.18, 0.00, 19.82, 26.15, 27.60
2018-05-24T19:45:48.967529, SEEKING, 0.174, 4.92, 13.0000, LOCKED, 147.06, 6195.93, 147.08, LOCKED, 30.03, 997.80, 30.00, LOCKED, 53.01, 1316.54, 53.00, LOCKED, 23.15, -662.64, 22.98, 0.00, LOCKED, 22.24, -678.65, 22.18, 0.00, 19.80, 26.06, 27.55
2018-05-24T19:46:57.787014, SEEKING, 0.174, 4.89, 13.0000, LOCKED, 147.07, 6189.78, 147.08, LOCKED, 30.04, 996.39, 30.00, LOCKED, 53.01, 1320.67, 53.00, LOCKED, 22.94, -657.71, 22.98, 0.00, LOCKED, 22.22, -676.53, 22.18, 0.00, 19.79, 26.01, 27.61
2018-05-24T19:48:07.508512, SEEKING, 0.174, 4.88, 13.0000, LOCKED, 147.07, 6194.73, 147.08, LOCKED, 30.05, 994.32, 30.00, LOCKED, 53.03, 1323.25, 53.00, LOCKED, 22.98, -652.47, 22.98, 0.00, LOCKED, 22.22, -676.43, 22.18, 0.00, 19.81, 26.02, 27.57
2018-05-24T19:49:16.291360, SEEKING, 0.174, 4.90, 13.0000, LOCKED, 147.15, 6198.85, 147.08, LOCKED, 30.06, 996.38, 30.00, LOCKED, 53.00, 1326.41, 53.00, LOCKED, 22.92, -659.94, 22.98, 0.00, LOCKED, 22.18, -672.68, 22.18, 0.00, 19.79, 25.98, 27.58
2018-05-24T19:50:25.109419, SEEKING, 0.174, 4.88, 13.0000, LOCKED, 147.03, 6128.30, 147.08, LOCKED, 30.03, 995.75, 30.00, LOCKED, 53.01, 1329.79, 53.00, LOCKED, 23.02, -651.72, 22.98, 0.00, LOCKED, 22.19, -682.35, 22.18, 0.00, 19.80, 26.01, 27.54
2018-05-24T19:51:33.880987, SEEKING, 0.174, 4.89, 13.0000, LOCKED, 147.03, 6148.48, 147.08, LOCKED, 30.03, 995.52, 30.00, LOCKED, 53.04, 1332.02, 53.00, LOCKED, 23.00, -654.04, 22.98, 0.00, LOCKED, 22.15, -673.41, 22.18, 0.00, 19.78, 26.11, 27.59
2018-05-24T19:52:42.700907, SEEKING, 0.174, 4.92, 13.0000, LOCKED, 147.06, 6188.62, 147.08, LOCKED, 30.06, 995.61, 30.00, LOCKED, 53.01, 1334.05, 53.00, LOCKED, 22.97, -647.82, 22.98, 0.00, LOCKED, 22.18, -679.59, 22.18, 0.00, 19.79, 25.87, 27.60
2018-05-24T19:53:51.520029, SEEKING, 0.174, 4.91, 13.0000, LOCKED, 147.04, 6199.50, 147.08, LOCKED, 30.05, 996.46, 30.00, LOCKED, 53.04, 1336.32, 53.00, LOCKED, 23.04, -661.03, 22.98, 0.00, LOCKED, 22.22, -675.95, 22.18, 0.00, 19.76, 26.01, 27.65
2018-05-24T19:55:00.338524, SEEKING, 0.174, 4.89, 13.0000, LOCKED, 147.09, 6221.83, 147.08, LOCKED, 30.02, 997.19, 30.00, LOCKED, 53.01, 1340.64, 53.00, LOCKED, 22.95, -652.25, 22.98, 0.00, LOCKED, 22.13, -675.59, 22.18, 0.00, 19.79, 26.11, 27.68
2018-05-24T19:56:10.052874, SEEKING, 0.174, 4.90, 13.0000, LOCKED, 147.09, 6223.02, 147.08, LOCKED, 30.03, 996.26, 30.00, LOCKED, 53.02, 1342.15, 53.00, LOCKED, 23.05, -665.57, 22.98, 0.00, LOCKED, 22.15, -682.36, 22.18, 0.00, 19.76, 26.03, 27.75
2018-05-24T19:57:18.822151, SEEKING, 0.174, 4.93, 13.0000, LOCKED, 147.08, 6193.24, 147.08, LOCKED, 30.03, 996.71, 30.00, LOCKED, 53.05, 1343.48, 53.00, LOCKED, 22.96, -659.96, 22.98, 0.00, LOCKED, 22.14, -679.92, 22.18, 0.00, 19.76, 26.17, 27.69
2018-05-24T19:58:27.639349, SEEKING, 0.174, 4.90, 13.0000, LOCKED, 147.07, 6194.51, 147.08, LOCKED, 30.06, 995.29, 30.00, LOCKED, 53.01, 1347.80, 53.00, LOCKED, 22.99, -666.38, 22.98, 0.00, LOCKED, 22.18, -683.85, 22.18, 0.00, 19.78, 26.22, 27.53
2018-05-24T19:59:36.414511, SEEKING, 0.174, 4.90, 13.0000, LOCKED, 147.06, 6214.35, 147.08, LOCKED, 30.03, 998.03, 30.00, LOCKED, 52.99, 1349.92, 53.00, LOCKED, 22.96, -656.81, 22.98, 0.00, LOCKED, 22.14, -689.32, 22.18, 0.00, 19.80, 26.19, 27.74
2018-05-24T20:00:45.232767, SEEKING, 0.174, 4.91, 13.0000, LOCKED, 147.12, 6161.69, 147.08, LOCKED, 30.08, 995.08, 30.00, LOCKED, 53.01, 1350.36, 53.00, LOCKED, 23.02, -679.91, 22.98, 0.00, LOCKED, 22.08, -673.99, 22.18, 0.00, 19.76, 26.30, 27.71
2018-05-24T20:01:54.051582, SEEKING, 0.174, 4.91, 13.0000, LOCKED, 147.05, 6220.83, 147.08, LOCKED, 30.06, 994.56, 30.00, LOCKED, 53.00, 1353.05, 53.00, LOCKED, 22.93, -666.43, 22.98, 0.00, LOCKED, 22.21, -679.29, 22.18, 0.00, 19.76, 26.21, 27.70
2018-05-24T20:03:03.170196, SEEKING, 0.174, 4.94, 13.0000, LOCKED, 147.09, 6190.55, 147.08, LOCKED, 30.07, 994.95, 30.00, LOCKED, 53.04, 1352.49, 53.00, LOCKED, 23.03, -681.77, 22.98, 0.00, LOCKED, 22.21, -683.71, 22.18, 0.00, 19.75, 26.25, 27.74
2018-05-24T20:04:11.988335, SEEKING, 0.174, 4.96, 13.0000, LOCKED, 147.08, 6232.90, 147.08, LOCKED, 30.06, 996.34, 30.00, LOCKED, 53.02, 1358.00, 53.00, LOCKED, 22.87, -656.20, 22.98, 0.00, LOCKED, 22.23, -674.07, 22.18, 0.00, 19.76, 26.26, 27.80
2018-05-24T20:05:20.804774, SEEKING, 0.174, 4.89, 13.0000, LOCKED, 147.10, 6197.91, 147.08, LOCKED, 30.06, 996.64, 30.00, LOCKED, 53.01, 1359.42, 53.00, LOCKED, 23.03, -665.36, 22.98, 0.00, LOCKED, 22.25, -682.50, 22.18, 0.00, 19.75, 26.05, 27.75
2018-05-24T20:06:29.624038, SEEKING, 0.174, 4.91, 13.0000, LOCKED, 147.05, 6214.32, 147.08, LOCKED, 30.04, 994.28, 30.00, LOCKED, 53.02, 1363.32, 53.00, LOCKED, 23.02, -663.98, 22.98, 0.00, LOCKED, 22.08, -673.76, 22.18, 0.00, 19.74, 26.22, 27.72
2018-05-24T20:07:38.424163, SEEKING, 0.174, 4.92, 13.0000, LOCKED, 147.06, 6176.18, 147.08, LOCKED, 30.05, 995.96, 30.00, LOCKED, 53.01, 1362.54, 53.00, LOCKED, 22.97, -660.52, 22.98, 0.00, LOCKED, 22.12, -682.72, 22.18, 0.00, 19.75, 26.38, 27.78
2018-05-24T20:08:47.250720, SEEKING, 0.191, 4.96, 13.0000, LOCKED, 147.15, 6194.80, 147.08, LOCKED, 30.07, 994.76, 30.00, LOCKED, 53.01, 1362.89, 53.00, LOCKED, 23.02, -665.85, 22.98, 0.00, LOCKED, 22.35, -682.13, 22.18, 0.00, 19.78, 26.30, 27.77
2018-05-24T20:09:56.056479, SEEKING, 0.174, 4.87, 13.0000, LOCKED, 147.07, 6209.76, 147.08, LOCKED, 30.04, 996.52, 30.00, LOCKED, 53.00, 1364.95, 53.00, LOCKED, 22.88, -678.47, 22.98, 0.00, LOCKED, 22.19, -687.51, 22.18, 0.00, 19.76, 26.21, 27.83
2018-05-24T20:11:05.765740, SEEKING, 0.174, 4.93, 13.0000, LOCKED, 147.11, 6235.99, 147.08, LOCKED, 30.03, 996.98, 30.00, LOCKED, 53.01, 1366.83, 53.00, LOCKED, 23.00, -685.34, 22.98, 0.00, LOCKED, 22.26, -675.49, 22.18, 0.00, 19.75, 26.42, 27.91
2018-05-24T20:12:14.578527, SEEKING, 0.174, 4.88, 13.0000, LOCKED, 147.09, 6190.95, 147.08, LOCKED, 30.06, 996.35, 30.00, LOCKED, 53.00, 1368.18, 53.00, LOCKED, 23.07, -676.84, 22.98, 0.00, LOCKED, 22.27, -684.18, 22.18, 0.00, 19.73, 26.44, 27.85
2018-05-24T20:13:23.393507, SEEKING, 0.174, 4.90, 13.0000, LOCKED, 147.10, 6226.47, 147.08, LOCKED, 30.06, 996.44, 30.00, LOCKED, 53.00, 1368.47, 53.00, LOCKED, 23.10, -669.53, 22.98, 0.00, LOCKED, 22.19, -691.96, 22.18, 0.00, 19.75, 26.33, 27.76
2018-05-24T20:14:32.210923, SEEKING, 0.174, 4.89, 13.0000, LOCKED, 147.11, 6178.88, 147.08, LOCKED, 30.04, 998.11, 30.00, LOCKED, 53.03, 1371.99, 53.00, LOCKED, 23.01, -678.81, 22.98, 0.00, LOCKED, 22.05, -680.32, 22.18, 0.00, 19.76, 26.35, 27.76
2018-05-24T20:15:41.027662, SEEKING, 0.174, 4.88, 13.0000, LOCKED, 147.19, 6118.54, 147.08, LOCKED, 30.03, 997.24, 30.00, LOCKED, 53.01, 1373.42, 53.00, LOCKED, 22.99, -671.58, 22.98, 0.00, LOCKED, 22.19, -671.69, 22.18, 0.00, 19.77, 26.30, 27.82
2018-05-24T20:16:49.841116, SEEKING, 0.174, 4.93, 13.0000, LOCKED, 147.11, 6184.50, 147.08, LOCKED, 30.05, 996.97, 30.00, LOCKED, 53.04, 1374.79, 53.00, LOCKED, 22.83, -660.09, 22.98, 0.00, LOCKED, 22.13, -690.89, 22.18, 0.00, 19.74, 26.18, 27.83
2018-05-24T20:17:58.656463, SEEKING, 0.174, 4.94, 13.0000, LOCKED, 147.07, 6213.00, 147.08, LOCKED, 30.05, 997.05, 30.00, LOCKED, 52.99, 1377.42, 53.00, LOCKED, 22.86, -667.86, 22.98, 0.00, LOCKED, 22.23, -679.55, 22.18, 0.00, 19.75, 26.27, 27.74
2018-05-24T20:19:08.360016, SEEKING, 0.174, 4.90, 13.0000, LOCKED, 147.04, 6143.23, 147.08, LOCKED, 30.02, 996.75, 30.00, LOCKED, 53.00, 1376.43, 53.00, LOCKED, 22.97, -671.48, 22.98, 0.00, LOCKED, 22.11, -687.92, 22.18, 0.00, 19.74, 26.14, 27.77
2018-05-24T20:20:17.176940, SEEKING, 0.174, 4.91, 13.0000, LOCKED, 146.97, 6244.13, 147.08, LOCKED, 30.06, 997.45, 30.00, LOCKED, 53.01, 1379.81, 53.00, LOCKED, 22.93, -674.27, 22.98, 0.00, LOCKED, 22.23, -682.18, 22.18, 0.00, 19.76, 26.28, 27.83
2018-05-24T20:21:25.991936, SEEKING, 0.174, 4.94, 13.0000, LOCKED, 147.10, 6184.44, 147.08, LOCKED, 30.06, 996.30, 30.00, LOCKED, 52.99, 1380.08, 53.00, LOCKED, 22.98, -657.17, 22.98, 0.00, LOCKED, 22.28, -678.73, 22.18, 0.00, 19.76, 26.20, 27.65
2018-05-24T20:22:34.780575, SEEKING, 0.174, 4.90, 13.0000, LOCKED, 147.07, 6120.32, 147.08, LOCKED, 30.02, 998.65, 30.00, LOCKED, 53.03, 1378.72, 53.00, LOCKED, 23.07, -661.17, 22.98, 0.00, LOCKED, 22.09, -682.74, 22.18, 0.00, 19.75, 26.18, 27.72
2018-05-24T20:23:43.545339, SEEKING, 0.174, 4.90, 13.0000, LOCKED, 147.06, 6183.70, 147.08, LOCKED, 30.04, 996.47, 30.00, LOCKED, 53.01, 1382.97, 53.00, LOCKED, 23.04, -664.72, 22.98, 0.00, LOCKED, 22.24, -683.87, 22.18, 0.00, 19.74, 26.17, 27.82
